"month","country","weather"
"1","afg","Rain"
"1","alb","Rain"
"1","dza","Rain"
"1","and","Snow"
"1","ago","Warm"
"1","arg","Warm"
"1","arm","Snow"
"1","aut","Snow"
"1","aze","Rain"
"1","bhr","Rain"
"1","bgd","Rain"
"1","blr","Snow"
"1","bel","Rain"
"1","blz","Warm"
"1","ben","Warm"
"1","bmu","Rain"
"1","btn","Rain"
"1","bol","Rain"
"1","bih","Rain"
"1","bwa","Warm"
"1","bra","Warm"
"1","brn","Warm"
"1","bgr","Snow"
"1","bfa","Warm"
"1","bdi","Warm"
"1","cpv","Warm"
"1","khm","Warm"
"1","cmr","Warm"
"1","can","Snow"
"1","caf","Warm"
"1","tcd","Warm"
"1","chl","Rain"
"1","chn","Snow"
"1","col","Warm"
"1","com","Warm"
"1","cog","Warm"
"1","cri","Rain"
"1","civ","Warm"
"1","hrv","Rain"
"1","cyp","Rain"
"1","cze","Snow"
"1","cod","Warm"
"1","dnk","Rain"
"1","dji","Warm"
"1","ecu","Warm"
"1","egy","Rain"
"1","slv","Warm"
"1","gnq","Warm"
"1","eri","Rain"
"1","est","Snow"
"1","eth","Rain"
"1","fin","Snow"
"1","fra","Rain"
"1","gab","Warm"
"1","gmb","Warm"
"1","geo","Rain"
"1","deu","Snow"
"1","gha","Warm"
"1","gib","Rain"
"1","grc","Rain"
"1","grl","Rain"
"1","gtm","Rain"
"1","ggy","Warm"
"1","gnb","Warm"
"1","gin","Warm"
"1","guy","Warm"
"1","hnd","Warm"
"1","hun","Snow"
"1","isl","Snow"
"1","ind","Rain"
"1","idn","Warm"
"1","irn","Rain"
"1","irq","Rain"
"1","irl","Rain"
"1","isr","Rain"
"1","ita","Rain"
"1","jpn","Rain"
"1","jey","Warm"
"1","jor","Rain"
"1","kaz","Snow"
"1","ken","Warm"
"1","kwt","Rain"
"1","kgz","Snow"
"1","lao","Warm"
"1","lva","Snow"
"1","lbn","Rain"
"1","lso","Rain"
"1","lbr","Warm"
"1","lby","Rain"
"1","lie","Rain"
"1","ltu","Snow"
"1","lux","Rain"
"1","mkd","Rain"
"1","mdg","Warm"
"1","mwi","Warm"
"1","mys","Warm"
"1","mdv","Warm"
"1","mli","Warm"
"1","mlt","Rain"
"1","mrt","Warm"
"1","mus","Warm"
"1","myt","Warm"
"1","mex","Rain"
"1","mda","Snow"
"1","mco","Rain"
"1","mng","Snow"
"1","mne","Rain"
"1","mar","Rain"
"1","moz","Warm"
"1","mmr","Warm"
"1","nam","Warm"
"1","npl","Rain"
"1","nld","Rain"
"1","nic","Warm"
"1","ner","Warm"
"1","nga","Warm"
"1","prk","Snow"
"1","nor","Snow"
"1","omn","Rain"
"1","pak","Rain"
"1","pse","Warm"
"1","pan","Warm"
"1","pry","Warm"
"1","per","Rain"
"1","phl","Warm"
"1","pol","Snow"
"1","prt","Rain"
"1","qat","Rain"
"1","rou","Snow"
"1","rus","Snow"
"1","rwa","Rain"
"1","shn","Rain"
"1","smr","Rain"
"1","wsm","Warm"
"1","stp","Warm"
"1","sau","Rain"
"1","sen","Warm"
"1","srb","Snow"
"1","syc","Warm"
"1","sle","Warm"
"1","sgp","Warm"
"1","svk","Snow"
"1","svn","Snow"
"1","som","Warm"
"1","zaf","Warm"
"1","kor","Snow"
"1","ssd","Warm"
"1","esp","Rain"
"1","lka","Warm"
"1","sdn","Warm"
"1","sur","Warm"
"1","swz","Warm"
"1","swe","Snow"
"1","che","Snow"
"1","syr","Rain"
"1","tjk","Snow"
"1","tha","Warm"
"1","tls","Warm"
"1","tgo","Warm"
"1","tun","Rain"
"1","tur","Rain"
"1","tkm","Rain"
"1","uga","Warm"
"1","ukr","Snow"
"1","are","Rain"
"1","gbr","Rain"
"1","tza","Warm"
"1","usa","Rain"
"1","ury","Warm"
"1","uzb","Snow"
"1","ven","Warm"
"1","vnm","Warm"
"1","esh","Rain"
"1","yem","Warm"
"1","zmb","Warm"
"1","zwe","Warm"
"2","afg","Rain"
"2","alb","Rain"
"2","dza","Rain"
"2","and","Snow"
"2","ago","Warm"
"2","arg","Warm"
"2","arm","Snow"
"2","aut","Snow"
"2","aze","Rain"
"2","bhr","Rain"
"2","bgd","Warm"
"2","blr","Snow"
"2","bel","Rain"
"2","blz","Warm"
"2","ben","Warm"
"2","bmu","Rain"
"2","btn","Rain"
"2","bol","Rain"
"2","bih","Rain"
"2","bwa","Warm"
"2","bra","Warm"
"2","brn","Warm"
"2","bgr","Rain"
"2","bfa","Warm"
"2","bdi","Warm"
"2","cpv","Warm"
"2","khm","Warm"
"2","cmr","Warm"
"2","can","Snow"
"2","caf","Warm"
"2","tcd","Warm"
"2","chl","Rain"
"2","chn","Rain"
"2","col","Warm"
"2","com","Warm"
"2","cog","Warm"
"2","cri","Rain"
"2","civ","Warm"
"2","hrv","Rain"
"2","cyp","Rain"
"2","cze","Snow"
"2","cod","Warm"
"2","dnk","Rain"
"2","dji","Warm"
"2","ecu","Warm"
"2","egy","Rain"
"2","slv","Warm"
"2","gnq","Warm"
"2","eri","Warm"
"2","est","Snow"
"2","eth","Rain"
"2","fin","Snow"
"2","fra","Rain"
"2","gab","Warm"
"2","gmb","Warm"
"2","geo","Rain"
"2","deu","Rain"
"2","gha","Warm"
"2","gib","Rain"
"2","grc","Rain"
"2","grl","Rain"
"2","gtm","Rain"
"2","ggy","Warm"
"2","gnb","Warm"
"2","gin","Warm"
"2","guy","Warm"
"2","hnd","Warm"
"2","hun","Rain"
"2","isl","Snow"
"2","ind","Rain"
"2","idn","Warm"
"2","irn","Rain"
"2","irq","Rain"
"2","irl","Rain"
"2","isr","Rain"
"2","ita","Rain"
"2","jpn","Rain"
"2","jey","Warm"
"2","jor","Rain"
"2","kaz","Snow"
"2","ken","Warm"
"2","kwt","Rain"
"2","kgz","Snow"
"2","lao","Warm"
"2","lva","Snow"
"2","lbn","Rain"
"2","lso","Rain"
"2","lbr","Warm"
"2","lby","Rain"
"2","lie","Rain"
"2","ltu","Snow"
"2","lux","Rain"
"2","mkd","Rain"
"2","mdg","Warm"
"2","mwi","Warm"
"2","mys","Warm"
"2","mdv","Warm"
"2","mli","Warm"
"2","mlt","Rain"
"2","mrt","Warm"
"2","mus","Warm"
"2","myt","Warm"
"2","mex","Rain"
"2","mda","Snow"
"2","mco","Rain"
"2","mng","Snow"
"2","mne","Rain"
"2","mar","Rain"
"2","moz","Warm"
"2","mmr","Warm"
"2","nam","Warm"
"2","npl","Rain"
"2","nld","Rain"
"2","nic","Warm"
"2","ner","Warm"
"2","nga","Warm"
"2","prk","Snow"
"2","nor","Snow"
"2","omn","Warm"
"2","pak","Rain"
"2","pse","Warm"
"2","pan","Warm"
"2","pry","Warm"
"2","per","Rain"
"2","phl","Warm"
"2","pol","Snow"
"2","prt","Rain"
"2","qat","Rain"
"2","rou","Snow"
"2","rus","Snow"
"2","rwa","Rain"
"2","shn","Rain"
"2","smr","Rain"
"2","wsm","Warm"
"2","stp","Warm"
"2","sau","Rain"
"2","sen","Warm"
"2","srb","Rain"
"2","syc","Warm"
"2","sle","Warm"
"2","sgp","Warm"
"2","svk","Snow"
"2","svn","Snow"
"2","som","Warm"
"2","zaf","Warm"
"2","kor","Rain"
"2","ssd","Warm"
"2","esp","Rain"
"2","lka","Warm"
"2","sdn","Warm"
"2","sur","Warm"
"2","swz","Warm"
"2","swe","Snow"
"2","che","Snow"
"2","syr","Rain"
"2","tjk","Snow"
"2","tha","Warm"
"2","tls","Warm"
"2","tgo","Warm"
"2","tun","Rain"
"2","tur","Rain"
"2","tkm","Rain"
"2","uga","Warm"
"2","ukr","Snow"
"2","are","Rain"
"2","gbr","Rain"
"2","tza","Warm"
"2","usa","Rain"
"2","ury","Warm"
"2","uzb","Rain"
"2","ven","Warm"
"2","vnm","Warm"
"2","esh","Rain"
"2","yem","Warm"
"2","zmb","Warm"
"2","zwe","Warm"
"3","afg","Rain"
"3","alb","Rain"
"3","dza","Rain"
"3","and","Rain"
"3","ago","Warm"
"3","arg","Warm"
"3","arm","Rain"
"3","aut","Rain"
"3","aze","Rain"
"3","bhr","Warm"
"3","bgd","Warm"
"3","blr","Snow"
"3","bel","Rain"
"3","blz","Warm"
"3","ben","Warm"
"3","bmu","Rain"
"3","btn","Rain"
"3","bol","Rain"
"3","bih","Rain"
"3","bwa","Warm"
"3","bra","Warm"
"3","brn","Warm"
"3","bgr","Rain"
"3","bfa","Warm"
"3","bdi","Warm"
"3","cpv","Warm"
"3","khm","Warm"
"3","cmr","Warm"
"3","can","Snow"
"3","caf","Warm"
"3","tcd","Warm"
"3","chl","Rain"
"3","chn","Rain"
"3","col","Warm"
"3","com","Warm"
"3","cog","Warm"
"3","cri","Rain"
"3","civ","Warm"
"3","hrv","Rain"
"3","cyp","Rain"
"3","cze","Rain"
"3","cod","Warm"
"3","dnk","Rain"
"3","dji","Warm"
"3","ecu","Warm"
"3","egy","Rain"
"3","slv","Warm"
"3","gnq","Warm"
"3","eri","Warm"
"3","est","Snow"
"3","eth","Warm"
"3","fin","Snow"
"3","fra","Rain"
"3","gab","Warm"
"3","gmb","Warm"
"3","geo","Rain"
"3","deu","Rain"
"3","gha","Warm"
"3","gib","Rain"
"3","grc","Rain"
"3","grl","Warm"
"3","gtm","Warm"
"3","ggy","Warm"
"3","gnb","Warm"
"3","gin","Warm"
"3","guy","Warm"
"3","hnd","Warm"
"3","hun","Rain"
"3","isl","Snow"
"3","ind","Warm"
"3","idn","Warm"
"3","irn","Rain"
"3","irq","Rain"
"3","irl","Rain"
"3","isr","Rain"
"3","ita","Rain"
"3","jpn","Rain"
"3","jey","Warm"
"3","jor","Rain"
"3","kaz","Snow"
"3","ken","Warm"
"3","kwt","Rain"
"3","kgz","Rain"
"3","lao","Warm"
"3","lva","Snow"
"3","lbn","Rain"
"3","lso","Rain"
"3","lbr","Warm"
"3","lby","Rain"
"3","lie","Rain"
"3","ltu","Snow"
"3","lux","Rain"
"3","mkd","Rain"
"3","mdg","Warm"
"3","mwi","Warm"
"3","mys","Warm"
"3","mdv","Warm"
"3","mli","Warm"
"3","mlt","Rain"
"3","mrt","Warm"
"3","mus","Warm"
"3","myt","Warm"
"3","mex","Rain"
"3","mda","Rain"
"3","mco","Rain"
"3","mng","Snow"
"3","mne","Rain"
"3","mar","Rain"
"3","moz","Warm"
"3","mmr","Warm"
"3","nam","Warm"
"3","npl","Rain"
"3","nld","Rain"
"3","nic","Warm"
"3","ner","Warm"
"3","nga","Warm"
"3","prk","Rain"
"3","nor","Snow"
"3","omn","Warm"
"3","pak","Rain"
"3","pse","Warm"
"3","pan","Warm"
"3","pry","Warm"
"3","per","Rain"
"3","phl","Warm"
"3","pol","Rain"
"3","prt","Rain"
"3","qat","Warm"
"3","rou","Rain"
"3","rus","Snow"
"3","rwa","Rain"
"3","shn","Rain"
"3","smr","Rain"
"3","wsm","Warm"
"3","stp","Warm"
"3","sau","Warm"
"3","sen","Warm"
"3","srb","Rain"
"3","syc","Warm"
"3","sle","Warm"
"3","sgp","Warm"
"3","svk","Rain"
"3","svn","Rain"
"3","som","Warm"
"3","zaf","Warm"
"3","kor","Rain"
"3","ssd","Warm"
"3","esp","Rain"
"3","lka","Warm"
"3","sdn","Warm"
"3","sur","Warm"
"3","swz","Warm"
"3","swe","Snow"
"3","che","Rain"
"3","syr","Rain"
"3","tjk","Rain"
"3","tha","Warm"
"3","tls","Warm"
"3","tgo","Warm"
"3","tun","Rain"
"3","tur","Rain"
"3","tkm","Rain"
"3","uga","Warm"
"3","ukr","Rain"
"3","are","Warm"
"3","gbr","Rain"
"3","tza","Warm"
"3","usa","Rain"
"3","ury","Warm"
"3","uzb","Rain"
"3","ven","Warm"
"3","vnm","Warm"
"3","esh","Rain"
"3","yem","Warm"
"3","zmb","Warm"
"3","zwe","Warm"
"4","afg","Rain"
"4","alb","Rain"
"4","dza","Rain"
"4","and","Rain"
"4","ago","Warm"
"4","arg","Rain"
"4","arm","Rain"
"4","aut","Rain"
"4","aze","Rain"
"4","bhr","Warm"
"4","bgd","Warm"
"4","blr","Rain"
"4","bel","Rain"
"4","blz","Warm"
"4","ben","Warm"
"4","bmu","Rain"
"4","btn","Rain"
"4","bol","Rain"
"4","bih","Rain"
"4","bwa","Warm"
"4","bra","Warm"
"4","brn","Warm"
"4","bgr","Rain"
"4","bfa","Warm"
"4","bdi","Warm"
"4","cpv","Warm"
"4","khm","Warm"
"4","cmr","Warm"
"4","can","Rain"
"4","caf","Warm"
"4","tcd","Warm"
"4","chl","Rain"
"4","chn","Rain"
"4","col","Warm"
"4","com","Warm"
"4","cog","Warm"
"4","cri","Rain"
"4","civ","Warm"
"4","hrv","Rain"
"4","cyp","Rain"
"4","cze","Rain"
"4","cod","Warm"
"4","dnk","Rain"
"4","dji","Warm"
"4","ecu","Warm"
"4","egy","Warm"
"4","slv","Warm"
"4","gnq","Warm"
"4","eri","Warm"
"4","est","Rain"
"4","eth","Warm"
"4","fin","Rain"
"4","fra","Rain"
"4","gab","Warm"
"4","gmb","Warm"
"4","geo","Rain"
"4","deu","Rain"
"4","gha","Warm"
"4","gib","Rain"
"4","grc","Rain"
"4","grl","Warm"
"4","gtm","Warm"
"4","ggy","Warm"
"4","gnb","Warm"
"4","gin","Warm"
"4","guy","Warm"
"4","hnd","Warm"
"4","hun","Rain"
"4","isl","Rain"
"4","ind","Warm"
"4","idn","Warm"
"4","irn","Rain"
"4","irq","Warm"
"4","irl","Rain"
"4","isr","Rain"
"4","ita","Rain"
"4","jpn","Rain"
"4","jey","Warm"
"4","jor","Rain"
"4","kaz","Rain"
"4","ken","Warm"
"4","kwt","Warm"
"4","kgz","Rain"
"4","lao","Warm"
"4","lva","Rain"
"4","lbn","Rain"
"4","lso","Rain"
"4","lbr","Warm"
"4","lby","Rain"
"4","lie","Rain"
"4","ltu","Rain"
"4","lux","Rain"
"4","mkd","Rain"
"4","mdg","Warm"
"4","mwi","Warm"
"4","mys","Warm"
"4","mdv","Warm"
"4","mli","Warm"
"4","mlt","Rain"
"4","mrt","Warm"
"4","mus","Warm"
"4","myt","Warm"
"4","mex","Warm"
"4","mda","Rain"
"4","mco","Rain"
"4","mng","Rain"
"4","mne","Rain"
"4","mar","Rain"
"4","moz","Warm"
"4","mmr","Warm"
"4","nam","Warm"
"4","npl","Warm"
"4","nld","Rain"
"4","nic","Warm"
"4","ner","Warm"
"4","nga","Warm"
"4","prk","Rain"
"4","nor","Rain"
"4","omn","Warm"
"4","pak","Warm"
"4","pse","Warm"
"4","pan","Warm"
"4","pry","Warm"
"4","per","Rain"
"4","phl","Warm"
"4","pol","Rain"
"4","prt","Rain"
"4","qat","Warm"
"4","rou","Rain"
"4","rus","Snow"
"4","rwa","Rain"
"4","shn","Rain"
"4","smr","Rain"
"4","wsm","Warm"
"4","stp","Warm"
"4","sau","Warm"
"4","sen","Warm"
"4","srb","Rain"
"4","syc","Warm"
"4","sle","Warm"
"4","sgp","Warm"
"4","svk","Rain"
"4","svn","Rain"
"4","som","Warm"
"4","zaf","Rain"
"4","kor","Rain"
"4","ssd","Warm"
"4","esp","Rain"
"4","lka","Warm"
"4","sdn","Warm"
"4","sur","Warm"
"4","swz","Rain"
"4","swe","Rain"
"4","che","Rain"
"4","syr","Rain"
"4","tjk","Rain"
"4","tha","Warm"
"4","tls","Warm"
"4","tgo","Warm"
"4","tun","Rain"
"4","tur","Rain"
"4","tkm","Rain"
"4","uga","Warm"
"4","ukr","Rain"
"4","are","Warm"
"4","gbr","Rain"
"4","tza","Rain"
"4","usa","Rain"
"4","ury","Rain"
"4","uzb","Rain"
"4","ven","Warm"
"4","vnm","Warm"
"4","esh","Rain"
"4","yem","Warm"
"4","zmb","Warm"
"4","zwe","Rain"
"5","afg","Rain"
"5","alb","Rain"
"5","dza","Rain"
"5","and","Rain"
"5","ago","Warm"
"5","arg","Rain"
"5","arm","Rain"
"5","aut","Rain"
"5","aze","Rain"
"5","bhr","Warm"
"5","bgd","Warm"
"5","blr","Rain"
"5","bel","Rain"
"5","blz","Warm"
"5","ben","Warm"
"5","bmu","Warm"
"5","btn","Rain"
"5","bol","Rain"
"5","bih","Rain"
"5","bwa","Rain"
"5","bra","Warm"
"5","brn","Warm"
"5","bgr","Rain"
"5","bfa","Warm"
"5","bdi","Rain"
"5","cpv","Warm"
"5","khm","Warm"
"5","cmr","Warm"
"5","can","Rain"
"5","caf","Warm"
"5","tcd","Warm"
"5","chl","Rain"
"5","chn","Rain"
"5","col","Warm"
"5","com","Warm"
"5","cog","Warm"
"5","cri","Rain"
"5","civ","Warm"
"5","hrv","Rain"
"5","cyp","Warm"
"5","cze","Rain"
"5","cod","Warm"
"5","dnk","Rain"
"5","dji","Warm"
"5","ecu","Warm"
"5","egy","Warm"
"5","slv","Warm"
"5","gnq","Warm"
"5","eri","Warm"
"5","est","Rain"
"5","eth","Warm"
"5","fin","Rain"
"5","fra","Rain"
"5","gab","Warm"
"5","gmb","Warm"
"5","geo","Rain"
"5","deu","Rain"
"5","gha","Warm"
"5","gib","Rain"
"5","grc","Rain"
"5","grl","Warm"
"5","gtm","Warm"
"5","ggy","Warm"
"5","gnb","Warm"
"5","gin","Warm"
"5","guy","Warm"
"5","hnd","Warm"
"5","hun","Rain"
"5","isl","Rain"
"5","ind","Warm"
"5","idn","Warm"
"5","irn","Warm"
"5","irq","Warm"
"5","irl","Rain"
"5","isr","Warm"
"5","ita","Rain"
"5","jpn","Rain"
"5","jey","Warm"
"5","jor","Warm"
"5","kaz","Rain"
"5","ken","Warm"
"5","kwt","Warm"
"5","kgz","Rain"
"5","lao","Warm"
"5","lva","Rain"
"5","lbn","Rain"
"5","lso","Rain"
"5","lbr","Warm"
"5","lby","Warm"
"5","lie","Rain"
"5","ltu","Rain"
"5","lux","Rain"
"5","mkd","Rain"
"5","mdg","Warm"
"5","mwi","Rain"
"5","mys","Warm"
"5","mdv","Warm"
"5","mli","Warm"
"5","mlt","Rain"
"5","mrt","Warm"
"5","mus","Warm"
"5","myt","Warm"
"5","mex","Warm"
"5","mda","Rain"
"5","mco","Rain"
"5","mng","Rain"
"5","mne","Rain"
"5","mar","Rain"
"5","moz","Warm"
"5","mmr","Warm"
"5","nam","Rain"
"5","npl","Warm"
"5","nld","Rain"
"5","nic","Warm"
"5","ner","Warm"
"5","nga","Warm"
"5","prk","Rain"
"5","nor","Rain"
"5","omn","Warm"
"5","pak","Warm"
"5","pse","Warm"
"5","pan","Warm"
"5","pry","Rain"
"5","per","Rain"
"5","phl","Warm"
"5","pol","Rain"
"5","prt","Rain"
"5","qat","Warm"
"5","rou","Rain"
"5","rus","Rain"
"5","rwa","Rain"
"5","shn","Rain"
"5","smr","Rain"
"5","wsm","Warm"
"5","stp","Warm"
"5","sau","Warm"
"5","sen","Warm"
"5","srb","Rain"
"5","syc","Warm"
"5","sle","Warm"
"5","sgp","Warm"
"5","svk","Rain"
"5","svn","Rain"
"5","som","Warm"
"5","zaf","Rain"
"5","kor","Rain"
"5","ssd","Warm"
"5","esp","Rain"
"5","lka","Warm"
"5","sdn","Warm"
"5","sur","Warm"
"5","swz","Rain"
"5","swe","Rain"
"5","che","Rain"
"5","syr","Warm"
"5","tjk","Rain"
"5","tha","Warm"
"5","tls","Warm"
"5","tgo","Warm"
"5","tun","Rain"
"5","tur","Rain"
"5","tkm","Warm"
"5","uga","Warm"
"5","ukr","Rain"
"5","are","Warm"
"5","gbr","Rain"
"5","tza","Rain"
"5","usa","Rain"
"5","ury","Rain"
"5","uzb","Warm"
"5","ven","Warm"
"5","vnm","Warm"
"5","esh","Warm"
"5","yem","Warm"
"5","zmb","Rain"
"5","zwe","Rain"
"6","afg","Warm"
"6","alb","Warm"
"6","dza","Warm"
"6","and","Rain"
"6","ago","Rain"
"6","arg","Rain"
"6","arm","Rain"
"6","aut","Rain"
"6","aze","Warm"
"6","bhr","Warm"
"6","bgd","Warm"
"6","blr","Rain"
"6","bel","Rain"
"6","blz","Warm"
"6","ben","Warm"
"6","bmu","Warm"
"6","btn","Warm"
"6","bol","Rain"
"6","bih","Rain"
"6","bwa","Rain"
"6","bra","Warm"
"6","brn","Warm"
"6","bgr","Rain"
"6","bfa","Warm"
"6","bdi","Rain"
"6","cpv","Warm"
"6","khm","Warm"
"6","cmr","Warm"
"6","can","Rain"
"6","caf","Warm"
"6","tcd","Warm"
"6","chl","Rain"
"6","chn","Warm"
"6","col","Warm"
"6","com","Warm"
"6","cog","Warm"
"6","cri","Rain"
"6","civ","Warm"
"6","hrv","Rain"
"6","cyp","Warm"
"6","cze","Rain"
"6","cod","Warm"
"6","dnk","Rain"
"6","dji","Warm"
"6","ecu","Rain"
"6","egy","Warm"
"6","slv","Warm"
"6","gnq","Warm"
"6","eri","Warm"
"6","est","Rain"
"6","eth","Warm"
"6","fin","Rain"
"6","fra","Rain"
"6","gab","Warm"
"6","gmb","Warm"
"6","geo","Warm"
"6","deu","Rain"
"6","gha","Warm"
"6","gib","Warm"
"6","grc","Warm"
"6","grl","Warm"
"6","gtm","Warm"
"6","ggy","Warm"
"6","gnb","Warm"
"6","gin","Warm"
"6","guy","Warm"
"6","hnd","Warm"
"6","hun","Rain"
"6","isl","Rain"
"6","ind","Warm"
"6","idn","Warm"
"6","irn","Warm"
"6","irq","Warm"
"6","irl","Rain"
"6","isr","Warm"
"6","ita","Rain"
"6","jpn","Warm"
"6","jey","Warm"
"6","jor","Warm"
"6","kaz","Warm"
"6","ken","Rain"
"6","kwt","Warm"
"6","kgz","Rain"
"6","lao","Warm"
"6","lva","Rain"
"6","lbn","Warm"
"6","lso","Rain"
"6","lbr","Warm"
"6","lby","Warm"
"6","lie","Rain"
"6","ltu","Rain"
"6","lux","Rain"
"6","mkd","Rain"
"6","mdg","Rain"
"6","mwi","Rain"
"6","mys","Warm"
"6","mdv","Warm"
"6","mli","Warm"
"6","mlt","Warm"
"6","mrt","Warm"
"6","mus","Warm"
"6","myt","Warm"
"6","mex","Warm"
"6","mda","Rain"
"6","mco","Rain"
"6","mng","Rain"
"6","mne","Rain"
"6","mar","Warm"
"6","moz","Warm"
"6","mmr","Warm"
"6","nam","Rain"
"6","npl","Warm"
"6","nld","Rain"
"6","nic","Warm"
"6","ner","Warm"
"6","nga","Warm"
"6","prk","Rain"
"6","nor","Rain"
"6","omn","Warm"
"6","pak","Warm"
"6","pse","Warm"
"6","pan","Warm"
"6","pry","Rain"
"6","per","Rain"
"6","phl","Warm"
"6","pol","Rain"
"6","prt","Rain"
"6","qat","Warm"
"6","rou","Rain"
"6","rus","Rain"
"6","rwa","Rain"
"6","shn","Rain"
"6","smr","Rain"
"6","wsm","Warm"
"6","stp","Warm"
"6","sau","Warm"
"6","sen","Warm"
"6","srb","Rain"
"6","syc","Warm"
"6","sle","Warm"
"6","sgp","Warm"
"6","svk","Rain"
"6","svn","Rain"
"6","som","Warm"
"6","zaf","Rain"
"6","kor","Warm"
"6","ssd","Warm"
"6","esp","Rain"
"6","lka","Warm"
"6","sdn","Warm"
"6","sur","Warm"
"6","swz","Rain"
"6","swe","Rain"
"6","che","Rain"
"6","syr","Warm"
"6","tjk","Warm"
"6","tha","Warm"
"6","tls","Warm"
"6","tgo","Warm"
"6","tun","Warm"
"6","tur","Rain"
"6","tkm","Warm"
"6","uga","Warm"
"6","ukr","Rain"
"6","are","Warm"
"6","gbr","Rain"
"6","tza","Rain"
"6","usa","Warm"
"6","ury","Rain"
"6","uzb","Warm"
"6","ven","Warm"
"6","vnm","Warm"
"6","esh","Warm"
"6","yem","Warm"
"6","zmb","Rain"
"6","zwe","Rain"
"7","afg","Warm"
"7","alb","Warm"
"7","dza","Warm"
"7","and","Rain"
"7","ago","Rain"
"7","arg","Rain"
"7","arm","Rain"
"7","aut","Rain"
"7","aze","Warm"
"7","bhr","Warm"
"7","bgd","Warm"
"7","blr","Rain"
"7","bel","Rain"
"7","blz","Warm"
"7","ben","Warm"
"7","bmu","Warm"
"7","btn","Rain"
"7","bol","Rain"
"7","bih","Rain"
"7","bwa","Rain"
"7","bra","Warm"
"7","brn","Warm"
"7","bgr","Rain"
"7","bfa","Warm"
"7","bdi","Rain"
"7","cpv","Warm"
"7","khm","Warm"
"7","cmr","Warm"
"7","can","Rain"
"7","caf","Warm"
"7","tcd","Warm"
"7","chl","Rain"
"7","chn","Warm"
"7","col","Warm"
"7","com","Warm"
"7","cog","Warm"
"7","cri","Warm"
"7","civ","Warm"
"7","hrv","Warm"
"7","cyp","Warm"
"7","cze","Rain"
"7","cod","Warm"
"7","dnk","Rain"
"7","dji","Warm"
"7","ecu","Rain"
"7","egy","Warm"
"7","slv","Warm"
"7","gnq","Warm"
"7","eri","Warm"
"7","est","Rain"
"7","eth","Rain"
"7","fin","Rain"
"7","fra","Rain"
"7","gab","Warm"
"7","gmb","Warm"
"7","geo","Warm"
"7","deu","Rain"
"7","gha","Warm"
"7","gib","Warm"
"7","grc","Warm"
"7","grl","Warm"
"7","gtm","Warm"
"7","ggy","Warm"
"7","gnb","Warm"
"7","gin","Warm"
"7","guy","Warm"
"7","hnd","Warm"
"7","hun","Warm"
"7","isl","Rain"
"7","ind","Warm"
"7","idn","Warm"
"7","irn","Warm"
"7","irq","Warm"
"7","irl","Rain"
"7","isr","Warm"
"7","ita","Warm"
"7","jpn","Warm"
"7","jey","Warm"
"7","jor","Warm"
"7","kaz","Warm"
"7","ken","Rain"
"7","kwt","Warm"
"7","kgz","Warm"
"7","lao","Warm"
"7","lva","Rain"
"7","lbn","Warm"
"7","lso","Rain"
"7","lbr","Warm"
"7","lby","Warm"
"7","lie","Rain"
"7","ltu","Rain"
"7","lux","Rain"
"7","mkd","Warm"
"7","mdg","Rain"
"7","mwi","Rain"
"7","mys","Warm"
"7","mdv","Warm"
"7","mli","Warm"
"7","mlt","Warm"
"7","mrt","Warm"
"7","mus","Warm"
"7","myt","Warm"
"7","mex","Warm"
"7","mda","Warm"
"7","mco","Rain"
"7","mng","Rain"
"7","mne","Warm"
"7","mar","Warm"
"7","moz","Rain"
"7","mmr","Warm"
"7","nam","Rain"
"7","npl","Warm"
"7","nld","Rain"
"7","nic","Warm"
"7","ner","Warm"
"7","nga","Warm"
"7","prk","Warm"
"7","nor","Rain"
"7","omn","Warm"
"7","pak","Warm"
"7","pse","Warm"
"7","pan","Warm"
"7","pry","Rain"
"7","per","Rain"
"7","phl","Warm"
"7","pol","Rain"
"7","prt","Warm"
"7","qat","Warm"
"7","rou","Rain"
"7","rus","Rain"
"7","rwa","Rain"
"7","shn","Rain"
"7","smr","Rain"
"7","wsm","Warm"
"7","stp","Warm"
"7","sau","Warm"
"7","sen","Warm"
"7","srb","Warm"
"7","syc","Warm"
"7","sle","Warm"
"7","sgp","Warm"
"7","svk","Rain"
"7","svn","Rain"
"7","som","Warm"
"7","zaf","Rain"
"7","kor","Warm"
"7","ssd","Warm"
"7","esp","Warm"
"7","lka","Warm"
"7","sdn","Warm"
"7","sur","Warm"
"7","swz","Rain"
"7","swe","Rain"
"7","che","Rain"
"7","syr","Warm"
"7","tjk","Warm"
"7","tha","Warm"
"7","tls","Warm"
"7","tgo","Warm"
"7","tun","Warm"
"7","tur","Warm"
"7","tkm","Warm"
"7","uga","Warm"
"7","ukr","Warm"
"7","are","Warm"
"7","gbr","Rain"
"7","tza","Rain"
"7","usa","Warm"
"7","ury","Rain"
"7","uzb","Warm"
"7","ven","Warm"
"7","vnm","Warm"
"7","esh","Warm"
"7","yem","Warm"
"7","zmb","Rain"
"7","zwe","Rain"
"8","afg","Warm"
"8","alb","Warm"
"8","dza","Warm"
"8","and","Rain"
"8","ago","Rain"
"8","arg","Rain"
"8","arm","Rain"
"8","aut","Rain"
"8","aze","Warm"
"8","bhr","Warm"
"8","bgd","Warm"
"8","blr","Rain"
"8","bel","Rain"
"8","blz","Warm"
"8","ben","Warm"
"8","bmu","Warm"
"8","btn","Warm"
"8","bol","Rain"
"8","bih","Rain"
"8","bwa","Rain"
"8","bra","Warm"
"8","brn","Warm"
"8","bgr","Rain"
"8","bfa","Warm"
"8","bdi","Warm"
"8","cpv","Warm"
"8","khm","Warm"
"8","cmr","Warm"
"8","can","Rain"
"8","caf","Warm"
"8","tcd","Warm"
"8","chl","Rain"
"8","chn","Warm"
"8","col","Warm"
"8","com","Warm"
"8","cog","Warm"
"8","cri","Warm"
"8","civ","Warm"
"8","hrv","Warm"
"8","cyp","Warm"
"8","cze","Rain"
"8","cod","Warm"
"8","dnk","Rain"
"8","dji","Warm"
"8","ecu","Rain"
"8","egy","Warm"
"8","slv","Warm"
"8","gnq","Warm"
"8","eri","Warm"
"8","est","Rain"
"8","eth","Rain"
"8","fin","Rain"
"8","fra","Rain"
"8","gab","Warm"
"8","gmb","Warm"
"8","geo","Warm"
"8","deu","Rain"
"8","gha","Warm"
"8","gib","Warm"
"8","grc","Warm"
"8","grl","Warm"
"8","gtm","Warm"
"8","ggy","Warm"
"8","gnb","Warm"
"8","gin","Warm"
"8","guy","Warm"
"8","hnd","Warm"
"8","hun","Rain"
"8","isl","Rain"
"8","ind","Warm"
"8","idn","Warm"
"8","irn","Warm"
"8","irq","Warm"
"8","irl","Rain"
"8","isr","Warm"
"8","ita","Warm"
"8","jpn","Warm"
"8","jey","Warm"
"8","jor","Warm"
"8","kaz","Warm"
"8","ken","Rain"
"8","kwt","Warm"
"8","kgz","Warm"
"8","lao","Warm"
"8","lva","Rain"
"8","lbn","Warm"
"8","lso","Rain"
"8","lbr","Warm"
"8","lby","Warm"
"8","lie","Rain"
"8","ltu","Rain"
"8","lux","Rain"
"8","mkd","Warm"
"8","mdg","Rain"
"8","mwi","Rain"
"8","mys","Warm"
"8","mdv","Warm"
"8","mli","Warm"
"8","mlt","Warm"
"8","mrt","Warm"
"8","mus","Warm"
"8","myt","Warm"
"8","mex","Warm"
"8","mda","Warm"
"8","mco","Warm"
"8","mng","Rain"
"8","mne","Warm"
"8","mar","Warm"
"8","moz","Warm"
"8","mmr","Warm"
"8","nam","Rain"
"8","npl","Warm"
"8","nld","Rain"
"8","nic","Warm"
"8","ner","Warm"
"8","nga","Warm"
"8","prk","Warm"
"8","nor","Rain"
"8","omn","Warm"
"8","pak","Warm"
"8","pse","Warm"
"8","pan","Warm"
"8","pry","Rain"
"8","per","Rain"
"8","phl","Warm"
"8","pol","Rain"
"8","prt","Warm"
"8","qat","Warm"
"8","rou","Rain"
"8","rus","Rain"
"8","rwa","Rain"
"8","shn","Rain"
"8","smr","Warm"
"8","wsm","Warm"
"8","stp","Warm"
"8","sau","Warm"
"8","sen","Warm"
"8","srb","Warm"
"8","syc","Warm"
"8","sle","Warm"
"8","sgp","Warm"
"8","svk","Rain"
"8","svn","Rain"
"8","som","Warm"
"8","zaf","Rain"
"8","kor","Warm"
"8","ssd","Warm"
"8","esp","Warm"
"8","lka","Warm"
"8","sdn","Warm"
"8","sur","Warm"
"8","swz","Rain"
"8","swe","Rain"
"8","che","Rain"
"8","syr","Warm"
"8","tjk","Warm"
"8","tha","Warm"
"8","tls","Warm"
"8","tgo","Warm"
"8","tun","Warm"
"8","tur","Warm"
"8","tkm","Warm"
"8","uga","Warm"
"8","ukr","Rain"
"8","are","Warm"
"8","gbr","Rain"
"8","tza","Rain"
"8","usa","Warm"
"8","ury","Rain"
"8","uzb","Warm"
"8","ven","Warm"
"8","vnm","Warm"
"8","esh","Warm"
"8","yem","Warm"
"8","zmb","Rain"
"8","zwe","Rain"
"9","afg","Warm"
"9","alb","Rain"
"9","dza","Warm"
"9","and","Rain"
"9","ago","Warm"
"9","arg","Rain"
"9","arm","Rain"
"9","aut","Rain"
"9","aze","Warm"
"9","bhr","Warm"
"9","bgd","Warm"
"9","blr","Rain"
"9","bel","Rain"
"9","blz","Warm"
"9","ben","Warm"
"9","bmu","Warm"
"9","btn","Warm"
"9","bol","Rain"
"9","bih","Rain"
"9","bwa","Warm"
"9","bra","Warm"
"9","brn","Warm"
"9","bgr","Rain"
"9","bfa","Warm"
"9","bdi","Warm"
"9","cpv","Warm"
"9","khm","Warm"
"9","cmr","Warm"
"9","can","Rain"
"9","caf","Warm"
"9","tcd","Warm"
"9","chl","Rain"
"9","chn","Warm"
"9","col","Warm"
"9","com","Warm"
"9","cog","Warm"
"9","cri","Rain"
"9","civ","Warm"
"9","hrv","Rain"
"9","cyp","Warm"
"9","cze","Rain"
"9","cod","Warm"
"9","dnk","Rain"
"9","dji","Warm"
"9","ecu","Rain"
"9","egy","Warm"
"9","slv","Warm"
"9","gnq","Warm"
"9","eri","Warm"
"9","est","Rain"
"9","eth","Rain"
"9","fin","Rain"
"9","fra","Rain"
"9","gab","Warm"
"9","gmb","Warm"
"9","geo","Rain"
"9","deu","Rain"
"9","gha","Warm"
"9","gib","Warm"
"9","grc","Warm"
"9","grl","Warm"
"9","gtm","Warm"
"9","ggy","Warm"
"9","gnb","Warm"
"9","gin","Warm"
"9","guy","Warm"
"9","hnd","Warm"
"9","hun","Rain"
"9","isl","Rain"
"9","ind","Warm"
"9","idn","Warm"
"9","irn","Warm"
"9","irq","Warm"
"9","irl","Rain"
"9","isr","Warm"
"9","ita","Rain"
"9","jpn","Warm"
"9","jey","Warm"
"9","jor","Warm"
"9","kaz","Rain"
"9","ken","Warm"
"9","kwt","Warm"
"9","kgz","Rain"
"9","lao","Warm"
"9","lva","Rain"
"9","lbn","Warm"
"9","lso","Rain"
"9","lbr","Warm"
"9","lby","Warm"
"9","lie","Rain"
"9","ltu","Rain"
"9","lux","Rain"
"9","mkd","Rain"
"9","mdg","Warm"
"9","mwi","Warm"
"9","mys","Warm"
"9","mdv","Warm"
"9","mli","Warm"
"9","mlt","Warm"
"9","mrt","Warm"
"9","mus","Warm"
"9","myt","Warm"
"9","mex","Warm"
"9","mda","Rain"
"9","mco","Warm"
"9","mng","Rain"
"9","mne","Rain"
"9","mar","Warm"
"9","moz","Warm"
"9","mmr","Warm"
"9","nam","Rain"
"9","npl","Warm"
"9","nld","Rain"
"9","nic","Warm"
"9","ner","Warm"
"9","nga","Warm"
"9","prk","Rain"
"9","nor","Rain"
"9","omn","Warm"
"9","pak","Warm"
"9","pse","Warm"
"9","pan","Warm"
"9","pry","Warm"
"9","per","Rain"
"9","phl","Warm"
"9","pol","Rain"
"9","prt","Warm"
"9","qat","Warm"
"9","rou","Rain"
"9","rus","Rain"
"9","rwa","Rain"
"9","shn","Rain"
"9","smr","Warm"
"9","wsm","Warm"
"9","stp","Warm"
"9","sau","Warm"
"9","sen","Warm"
"9","srb","Rain"
"9","syc","Warm"
"9","sle","Warm"
"9","sgp","Warm"
"9","svk","Rain"
"9","svn","Rain"
"9","som","Warm"
"9","zaf","Rain"
"9","kor","Warm"
"9","ssd","Warm"
"9","esp","Warm"
"9","lka","Warm"
"9","sdn","Warm"
"9","sur","Warm"
"9","swz","Rain"
"9","swe","Rain"
"9","che","Rain"
"9","syr","Warm"
"9","tjk","Rain"
"9","tha","Warm"
"9","tls","Warm"
"9","tgo","Warm"
"9","tun","Warm"
"9","tur","Rain"
"9","tkm","Warm"
"9","uga","Warm"
"9","ukr","Rain"
"9","are","Warm"
"9","gbr","Rain"
"9","tza","Rain"
"9","usa","Rain"
"9","ury","Rain"
"9","uzb","Warm"
"9","ven","Warm"
"9","vnm","Warm"
"9","esh","Warm"
"9","yem","Warm"
"9","zmb","Warm"
"9","zwe","Warm"
"10","afg","Rain"
"10","alb","Rain"
"10","dza","Rain"
"10","and","Rain"
"10","ago","Warm"
"10","arg","Rain"
"10","arm","Rain"
"10","aut","Rain"
"10","aze","Rain"
"10","bhr","Warm"
"10","bgd","Warm"
"10","blr","Rain"
"10","bel","Rain"
"10","blz","Warm"
"10","ben","Warm"
"10","bmu","Warm"
"10","btn","Rain"
"10","bol","Rain"
"10","bih","Rain"
"10","bwa","Warm"
"10","bra","Warm"
"10","brn","Warm"
"10","bgr","Rain"
"10","bfa","Warm"
"10","bdi","Warm"
"10","cpv","Warm"
"10","khm","Warm"
"10","cmr","Warm"
"10","can","Rain"
"10","caf","Warm"
"10","tcd","Warm"
"10","chl","Rain"
"10","chn","Rain"
"10","col","Warm"
"10","com","Warm"
"10","cog","Warm"
"10","cri","Rain"
"10","civ","Warm"
"10","hrv","Rain"
"10","cyp","Warm"
"10","cze","Rain"
"10","cod","Warm"
"10","dnk","Rain"
"10","dji","Warm"
"10","ecu","Rain"
"10","egy","Warm"
"10","slv","Warm"
"10","gnq","Warm"
"10","eri","Warm"
"10","est","Rain"
"10","eth","Rain"
"10","fin","Rain"
"10","fra","Rain"
"10","gab","Warm"
"10","gmb","Warm"
"10","geo","Rain"
"10","deu","Rain"
"10","gha","Warm"
"10","gib","Rain"
"10","grc","Rain"
"10","grl","Warm"
"10","gtm","Warm"
"10","ggy","Warm"
"10","gnb","Warm"
"10","gin","Warm"
"10","guy","Warm"
"10","hnd","Warm"
"10","hun","Rain"
"10","isl","Rain"
"10","ind","Warm"
"10","idn","Warm"
"10","irn","Rain"
"10","irq","Warm"
"10","irl","Rain"
"10","isr","Warm"
"10","ita","Rain"
"10","jpn","Rain"
"10","jey","Warm"
"10","jor","Warm"
"10","kaz","Rain"
"10","ken","Warm"
"10","kwt","Warm"
"10","kgz","Rain"
"10","lao","Warm"
"10","lva","Rain"
"10","lbn","Rain"
"10","lso","Rain"
"10","lbr","Warm"
"10","lby","Warm"
"10","lie","Rain"
"10","ltu","Rain"
"10","lux","Rain"
"10","mkd","Rain"
"10","mdg","Warm"
"10","mwi","Warm"
"10","mys","Warm"
"10","mdv","Warm"
"10","mli","Warm"
"10","mlt","Warm"
"10","mrt","Warm"
"10","mus","Warm"
"10","myt","Warm"
"10","mex","Warm"
"10","mda","Rain"
"10","mco","Warm"
"10","mng","Rain"
"10","mne","Rain"
"10","mar","Rain"
"10","moz","Warm"
"10","mmr","Warm"
"10","nam","Warm"
"10","npl","Rain"
"10","nld","Rain"
"10","nic","Warm"
"10","ner","Warm"
"10","nga","Warm"
"10","prk","Rain"
"10","nor","Rain"
"10","omn","Warm"
"10","pak","Warm"
"10","pse","Warm"
"10","pan","Warm"
"10","pry","Warm"
"10","per","Rain"
"10","phl","Warm"
"10","pol","Rain"
"10","prt","Rain"
"10","qat","Warm"
"10","rou","Rain"
"10","rus","Rain"
"10","rwa","Rain"
"10","shn","Rain"
"10","smr","Rain"
"10","wsm","Warm"
"10","stp","Warm"
"10","sau","Warm"
"10","sen","Warm"
"10","srb","Rain"
"10","syc","Warm"
"10","sle","Warm"
"10","sgp","Warm"
"10","svk","Rain"
"10","svn","Rain"
"10","som","Warm"
"10","zaf","Rain"
"10","kor","Rain"
"10","ssd","Warm"
"10","esp","Rain"
"10","lka","Warm"
"10","sdn","Warm"
"10","sur","Warm"
"10","swz","Rain"
"10","swe","Rain"
"10","che","Rain"
"10","syr","Warm"
"10","tjk","Rain"
"10","tha","Warm"
"10","tls","Warm"
"10","tgo","Warm"
"10","tun","Warm"
"10","tur","Rain"
"10","tkm","Rain"
"10","uga","Warm"
"10","ukr","Rain"
"10","are","Warm"
"10","gbr","Rain"
"10","tza","Rain"
"10","usa","Rain"
"10","ury","Rain"
"10","uzb","Rain"
"10","ven","Warm"
"10","vnm","Warm"
"10","esh","Warm"
"10","yem","Warm"
"10","zmb","Warm"
"10","zwe","Warm"
"11","afg","Rain"
"11","alb","Rain"
"11","dza","Rain"
"11","and","Rain"
"11","ago","Warm"
"11","arg","Warm"
"11","arm","Rain"
"11","aut","Rain"
"11","aze","Rain"
"11","bhr","Warm"
"11","bgd","Warm"
"11","blr","Rain"
"11","bel","Rain"
"11","blz","Warm"
"11","ben","Warm"
"11","bmu","Warm"
"11","btn","Rain"
"11","bol","Rain"
"11","bih","Rain"
"11","bwa","Warm"
"11","bra","Warm"
"11","brn","Warm"
"11","bgr","Rain"
"11","bfa","Warm"
"11","bdi","Rain"
"11","cpv","Warm"
"11","khm","Warm"
"11","cmr","Warm"
"11","can","Snow"
"11","caf","Warm"
"11","tcd","Warm"
"11","chl","Rain"
"11","chn","Rain"
"11","col","Warm"
"11","com","Warm"
"11","cog","Warm"
"11","cri","Rain"
"11","civ","Warm"
"11","hrv","Rain"
"11","cyp","Rain"
"11","cze","Rain"
"11","cod","Warm"
"11","dnk","Rain"
"11","dji","Warm"
"11","ecu","Rain"
"11","egy","Rain"
"11","slv","Warm"
"11","gnq","Warm"
"11","eri","Warm"
"11","est","Rain"
"11","eth","Rain"
"11","fin","Snow"
"11","fra","Rain"
"11","gab","Warm"
"11","gmb","Warm"
"11","geo","Rain"
"11","deu","Rain"
"11","gha","Warm"
"11","gib","Rain"
"11","grc","Rain"
"11","grl","Warm"
"11","gtm","Warm"
"11","ggy","Warm"
"11","gnb","Warm"
"11","gin","Warm"
"11","guy","Warm"
"11","hnd","Warm"
"11","hun","Rain"
"11","isl","Rain"
"11","ind","Warm"
"11","idn","Warm"
"11","irn","Rain"
"11","irq","Rain"
"11","irl","Rain"
"11","isr","Rain"
"11","ita","Rain"
"11","jpn","Rain"
"11","jey","Warm"
"11","jor","Rain"
"11","kaz","Snow"
"11","ken","Warm"
"11","kwt","Warm"
"11","kgz","Rain"
"11","lao","Warm"
"11","lva","Rain"
"11","lbn","Rain"
"11","lso","Rain"
"11","lbr","Warm"
"11","lby","Rain"
"11","lie","Rain"
"11","ltu","Rain"
"11","lux","Rain"
"11","mkd","Rain"
"11","mdg","Warm"
"11","mwi","Warm"
"11","mys","Warm"
"11","mdv","Warm"
"11","mli","Warm"
"11","mlt","Rain"
"11","mrt","Warm"
"11","mus","Warm"
"11","myt","Warm"
"11","mex","Rain"
"11","mda","Rain"
"11","mco","Rain"
"11","mng","Snow"
"11","mne","Rain"
"11","mar","Rain"
"11","moz","Warm"
"11","mmr","Warm"
"11","nam","Warm"
"11","npl","Rain"
"11","nld","Rain"
"11","nic","Warm"
"11","ner","Warm"
"11","nga","Warm"
"11","prk","Rain"
"11","nor","Rain"
"11","omn","Warm"
"11","pak","Rain"
"11","pse","Warm"
"11","pan","Warm"
"11","pry","Warm"
"11","per","Rain"
"11","phl","Warm"
"11","pol","Rain"
"11","prt","Rain"
"11","qat","Warm"
"11","rou","Rain"
"11","rus","Snow"
"11","rwa","Rain"
"11","shn","Rain"
"11","smr","Rain"
"11","wsm","Warm"
"11","stp","Warm"
"11","sau","Warm"
"11","sen","Warm"
"11","srb","Rain"
"11","syc","Warm"
"11","sle","Warm"
"11","sgp","Warm"
"11","svk","Rain"
"11","svn","Rain"
"11","som","Warm"
"11","zaf","Rain"
"11","kor","Rain"
"11","ssd","Warm"
"11","esp","Rain"
"11","lka","Warm"
"11","sdn","Warm"
"11","sur","Warm"
"11","swz","Warm"
"11","swe","Rain"
"11","che","Rain"
"11","syr","Rain"
"11","tjk","Rain"
"11","tha","Warm"
"11","tls","Warm"
"11","tgo","Warm"
"11","tun","Rain"
"11","tur","Rain"
"11","tkm","Rain"
"11","uga","Warm"
"11","ukr","Rain"
"11","are","Warm"
"11","gbr","Rain"
"11","tza","Rain"
"11","usa","Rain"
"11","ury","Rain"
"11","uzb","Rain"
"11","ven","Warm"
"11","vnm","Warm"
"11","esh","Warm"
"11","yem","Warm"
"11","zmb","Warm"
"11","zwe","Warm"
"12","afg","Rain"
"12","alb","Rain"
"12","dza","Rain"
"12","and","Snow"
"12","ago","Warm"
"12","arg","Warm"
"12","arm","Snow"
"12","aut","Snow"
"12","aze","Rain"
"12","bhr","Rain"
"12","bgd","Rain"
"12","blr","Snow"
"12","bel","Rain"
"12","blz","Warm"
"12","ben","Warm"
"12","bmu","Rain"
"12","btn","Rain"
"12","bol","Rain"
"12","bih","Rain"
"12","bwa","Warm"
"12","bra","Warm"
"12","brn","Warm"
"12","bgr","Rain"
"12","bfa","Warm"
"12","bdi","Rain"
"12","cpv","Warm"
"12","khm","Warm"
"12","cmr","Warm"
"12","can","Snow"
"12","caf","Warm"
"12","tcd","Warm"
"12","chl","Rain"
"12","chn","Rain"
"12","col","Warm"
"12","com","Warm"
"12","cog","Warm"
"12","cri","Rain"
"12","civ","Warm"
"12","hrv","Rain"
"12","cyp","Rain"
"12","cze","Snow"
"12","cod","Warm"
"12","dnk","Rain"
"12","dji","Warm"
"12","ecu","Warm"
"12","egy","Rain"
"12","slv","Warm"
"12","gnq","Warm"
"12","eri","Warm"
"12","est","Snow"
"12","eth","Rain"
"12","fin","Snow"
"12","fra","Rain"
"12","gab","Warm"
"12","gmb","Warm"
"12","geo","Rain"
"12","deu","Rain"
"12","gha","Warm"
"12","gib","Rain"
"12","grc","Rain"
"12","grl","Rain"
"12","gtm","Rain"
"12","ggy","Warm"
"12","gnb","Warm"
"12","gin","Warm"
"12","guy","Warm"
"12","hnd","Warm"
"12","hun","Rain"
"12","isl","Snow"
"12","ind","Rain"
"12","idn","Warm"
"12","irn","Rain"
"12","irq","Rain"
"12","irl","Rain"
"12","isr","Rain"
"12","ita","Rain"
"12","jpn","Rain"
"12","jey","Warm"
"12","jor","Rain"
"12","kaz","Snow"
"12","ken","Warm"
"12","kwt","Rain"
"12","kgz","Snow"
"12","lao","Warm"
"12","lva","Snow"
"12","lbn","Rain"
"12","lso","Rain"
"12","lbr","Warm"
"12","lby","Rain"
"12","lie","Rain"
"12","ltu","Snow"
"12","lux","Rain"
"12","mkd","Rain"
"12","mdg","Warm"
"12","mwi","Warm"
"12","mys","Warm"
"12","mdv","Warm"
"12","mli","Warm"
"12","mlt","Rain"
"12","mrt","Warm"
"12","mus","Warm"
"12","myt","Warm"
"12","mex","Rain"
"12","mda","Snow"
"12","mco","Rain"
"12","mng","Snow"
"12","mne","Rain"
"12","mar","Rain"
"12","moz","Warm"
"12","mmr","Warm"
"12","nam","Warm"
"12","npl","Rain"
"12","nld","Rain"
"12","nic","Warm"
"12","ner","Warm"
"12","nga","Warm"
"12","prk","Snow"
"12","nor","Snow"
"12","omn","Warm"
"12","pak","Rain"
"12","pse","Warm"
"12","pan","Warm"
"12","pry","Warm"
"12","per","Rain"
"12","phl","Warm"
"12","pol","Snow"
"12","prt","Rain"
"12","qat","Rain"
"12","rou","Snow"
"12","rus","Snow"
"12","rwa","Rain"
"12","shn","Rain"
"12","smr","Rain"
"12","wsm","Warm"
"12","stp","Warm"
"12","sau","Rain"
"12","sen","Warm"
"12","srb","Rain"
"12","syc","Warm"
"12","sle","Warm"
"12","sgp","Warm"
"12","svk","Snow"
"12","svn","Snow"
"12","som","Warm"
"12","zaf","Warm"
"12","kor","Rain"
"12","ssd","Warm"
"12","esp","Rain"
"12","lka","Warm"
"12","sdn","Warm"
"12","sur","Warm"
"12","swz","Warm"
"12","swe","Snow"
"12","che","Snow"
"12","syr","Rain"
"12","tjk","Rain"
"12","tha","Warm"
"12","tls","Warm"
"12","tgo","Warm"
"12","tun","Rain"
"12","tur","Rain"
"12","tkm","Rain"
"12","uga","Warm"
"12","ukr","Snow"
"12","are","Warm"
"12","gbr","Rain"
"12","tza","Warm"
"12","usa","Rain"
"12","ury","Warm"
"12","uzb","Rain"
"12","ven","Warm"
"12","vnm","Warm"
"12","esh","Rain"
"12","yem","Warm"
"12","zmb","Warm"
"12","zwe","Warm"
